name,abbreviation,month,as_of_date,pop
Alabama,AL,march,2020-03-31,21114
Alabama,AL,april,2020-04-30,20655
Alabama,AL,june,2020-06-30,19752
Alabama,AL,july,2020-07-31,19342
Alabama,AL,aug,2020-08-31,18901
Alabama,AL,sept,2020-09-30,18693
Alabama,AL,oct,2020-10-31,18262
Alabama,AL,nov,2020-11-30,17914
Alabama,AL,dec,2020-12-31,17725
Alabama,AL,jan_2021,2021-01-31,17454
Alaska,AK,march,2020-03-15,4776
Alaska,AK,april,2020-04-15,4277
Alaska,AK,june,2020-06-16,4216
Alaska,AK,july,2020-07-31,4334
Alaska,AK,aug,2020-08-31,4414
Alaska,AK,sept,2020-09-30,4511
Alaska,AK,oct,2020-10-31,4586
Alaska,AK,nov,2020-11-30,4581
Alaska,AK,dec,2020-12-31,4559
Alaska,AK,jan_2021,2021-01-31,4523
Arizona,AZ,march,2020-03-31,42360
Arizona,AZ,april,2020-04-30,41777
Arizona,AZ,june,2020-06-30,40529
Arizona,AZ,july,2020-07-31,39339
Arizona,AZ,aug,2020-08-31,39153
Arizona,AZ,sept,2020-09-30,38894
Arizona,AZ,oct,2020-10-31,38495
Arizona,AZ,nov,2020-11-30,38141
Arizona,AZ,dec,2020-12-31,37731
Arizona,AZ,jan_2021,2021-01-31,37396
Arkansas,AR,march,2020-03-15,17501
Arkansas,AR,april,2020-04-15,17502
Arkansas,AR,june,2020-06-16,16473
Arkansas,AR,july,2020-07-31,15736
Arkansas,AR,aug,2020-08-31,15521
Arkansas,AR,sept,2020-09-30,15127
Arkansas,AR,oct,2020-10-30,14883
Arkansas,AR,nov,2020-11-30,14899
Arkansas,AR,dec,2020-12-31,14812
Arkansas,AR,jan_2021,2021-02-01,14462
California,CA,march,2020-03-11,117639
California,CA,april,2020-04-15,113632
California,CA,june,2020-06-17,109800
California,CA,july,2020-07-29,102715
California,CA,aug,2020-09-02,97342
California,CA,sept,2020-09-30,94852
California,CA,oct,2020-11-04,94433
California,CA,nov,2020-12-02,94179
California,CA,dec,2020-12-30,92350
California,CA,jan_2021,2021-01-27,91341
Colorado,CO,march,2020-03-31,17585
Colorado,CO,april,2020-04-30,16382
Colorado,CO,june,2020-06-30,15807
Colorado,CO,july,2020-07-31,15531
Colorado,CO,aug,2020-08-31,15022
Colorado,CO,sept,2020-09-30,14935
Colorado,CO,oct,2020-10-31,14673
Colorado,CO,nov,2020-11-30,14257
Colorado,CO,dec,2020-12-31,13687
Colorado,CO,jan_2021,2021-01-31,13558
Connecticut,CT,march,2020-03-15,12290
Connecticut,CT,april,2020-04-15,11454
Connecticut,CT,june,2020-06-16,10206
Connecticut,CT,july,2020-08-01,9645
Connecticut,CT,aug,2020-09-01,9545
Connecticut,CT,sept,2020-09-30,9391
Connecticut,CT,oct,2020-10-31,9348
Connecticut,CT,nov,2020-11-30,9233
Connecticut,CT,dec,2020-12-31,9111
Connecticut,CT,jan_2021,2021-01-31,9053
Delaware,DE,march,2020-03-15,5042
Delaware,DE,april,2020-04-15,4624
Delaware,DE,june,2020-06-25,4233
Delaware,DE,july,2020-07-31,4195
Delaware,DE,aug,2020-08-31,4216
Delaware,DE,sept,2020-09-30,4322
Delaware,DE,oct,2020-10-31,4457
Delaware,DE,nov,2020-11-20,4168
Delaware,DE,dec,2020-12-31,4358
Delaware,DE,jan_2021,2021-01-31,4677
Federal,US,march,2020-03-12,172088
Federal,US,april,2020-04-16,167720
Federal,US,june,2020-06-18,154707
Federal,US,july,2020-07-31,150025
Federal,US,aug,2020-08-27,147457
Federal,US,sept,2020-10-01,146802
Federal,US,oct,2020-11-05,145718
Federal,US,nov,2020-12-03,144751
Federal,US,dec,2020-12-31,143350
Federal,US,jan_2021,2021-01-28,143416
Florida,FL,march,2020-03-15,93764
Florida,FL,april,2020-04-15,91828
Florida,FL,june,2020-06-16,88305
Florida,FL,july,2020-07-31,85839
Florida,FL,aug,2020-09-01,84601
Florida,FL,sept,2020-09-30,82997
Florida,FL,oct,2020-10-31,82027
Florida,FL,nov,2020-12-01,81795
Florida,FL,dec,2020-12-31,79523
Florida,FL,jan_2021,2021-02-01,79322
Georgia,GA,march,2020-04-01,55019
Georgia,GA,april,2020-05-01,53642
Georgia,GA,june,2020-07-01,51213
Georgia,GA,july,2020-08-01,50446
Georgia,GA,aug,2020-09-01,49848
Georgia,GA,sept,2020-10-01,49365
Georgia,GA,oct,2020-11-05,48433
Georgia,GA,nov,2020-11-30,48132
Georgia,GA,dec,2021-01-01,47703
Georgia,GA,jan_2021,2021-02-01,47027
Hawaii,HI,march,2020-03-31,4836
Hawaii,HI,april,2020-04-30,4260
Hawaii,HI,june,2020-06-15,4404
Hawaii,HI,july,2020-07-31,4508
Hawaii,HI,aug,2020-08-31,4162
Hawaii,HI,sept,2020-09-30,4140
Hawaii,HI,oct,2020-11-02,4184
Hawaii,HI,nov,2020-11-30,4183
Hawaii,HI,dec,2020-12-31,4171
Hawaii,HI,jan_2021,2021-01-31,4200
Idaho,ID,march,2020-03-16,7816
Idaho,ID,april,2020-04-15,7641
Idaho,ID,june,2020-06-16,7798
Idaho,ID,july,2020-07-31,7626
Idaho,ID,aug,2020-08-31,7426
Idaho,ID,sept,2020-09-30,7155
Idaho,ID,oct,2020-10-30,7496
Idaho,ID,nov,2020-11-30,7407
Idaho,ID,dec,2020-12-31,7343
Idaho,ID,jan_2021,2021-02-01,7025
Illinois,IL,march,2020-03-31,36931
Illinois,IL,april,2020-04-30,34668
Illinois,IL,june,2020-06-30,31945
Illinois,IL,july,2020-07-31,31195
Illinois,IL,aug,2020-09-01,31236
Illinois,IL,sept,2020-09-30,31002
Illinois,IL,oct,2020-10-31,30651
Illinois,IL,nov,2020-11-30,30001
Illinois,IL,dec,2020-12-31,29225
Illinois,IL,jan_2021,2021-01-22,29151
Indiana,IN,march,2020-04-01,26936
Indiana,IN,april,2020-05-01,26418
Indiana,IN,june,2020-07-01,25385
Indiana,IN,july,2020-07-01,25385
Indiana,IN,aug,2020-09-01,24513
Indiana,IN,sept,2020-10-01,24350
Indiana,IN,oct,2020-11-01,24203
Indiana,IN,nov,2020-12-01,23978
Indiana,IN,dec,2021-01-01,23726
Indiana,IN,jan_2021,2021-02-01,23745
Iowa,IA,march,2020-03-15,8533
Iowa,IA,april,2020-04-15,8401
Iowa,IA,june,2020-06-18,7600
Iowa,IA,july,2020-07-31,7493
Iowa,IA,aug,2020-08-31,7362
Iowa,IA,sept,2020-09-30,7395
Iowa,IA,oct,2020-10-31,7415
Iowa,IA,nov,2020-11-30,7441
Iowa,IA,dec,2020-12-31,7542
Iowa,IA,jan_2021,2021-01-31,7489
Kansas,KS,march,2020-03-16,9804
Kansas,KS,april,2020-04-15,9673
Kansas,KS,june,2020-06-16,9091
Kansas,KS,july,2020-07-31,8735
Kansas,KS,aug,2020-08-31,8580
Kansas,KS,sept,2020-09-30,8486
Kansas,KS,oct,2020-10-30,8414
Kansas,KS,nov,2020-11-30,8408
Kansas,KS,dec,2020-12-31,8574
Kansas,KS,jan_2021,2021-01-29,8665
Kentucky,KY,march,2020-03-16,12162
Kentucky,KY,april,2020-04-15,11782
Kentucky,KY,june,2020-06-15,11272
Kentucky,KY,july,2020-07-31,11002
Kentucky,KY,aug,2020-08-31,10589
Kentucky,KY,sept,2020-09-30,10391
Kentucky,KY,oct,2020-10-30,10242
Kentucky,KY,nov,2020-11-30,10151
Kentucky,KY,dec,2020-12-30,9854
Kentucky,KY,jan_2021,2021-01-29,9706
Louisiana,LA,march,2020-03-18,15066
Louisiana,LA,april,2020-04-15,14967
Louisiana,LA,june,2020-06-17,14623
Louisiana,LA,july,2020-07-31,14443
Louisiana,LA,aug,2020-08-31,14313
Louisiana,LA,sept,2020-09-30,14241
Louisiana,LA,jan_2021,2020-10-31,14134
Louisiana,LA,nov,2020-10-31,14134
Louisiana,LA,dec,2020-10-31,14134
Louisiana,LA,oct,2020-10-31,14134
Maine,ME,march,2020-03-15,2138
Maine,ME,april,2020-04-15,2019
Maine,ME,june,2020-06-16,1828
Maine,ME,july,2020-07-25,1788
Maine,ME,aug,2020-08-31,1783
Maine,ME,sept,2020-09-29,1779
Maine,ME,oct,2020-10-31,1766
Maine,ME,nov,2020-12-01,1718
Maine,ME,dec,2020-12-31,1712
Maine,ME,jan_2021,2021-02-03,1679
Maryland,MD,march,2020-04-01,20314
Maryland,MD,april,2020-05-01,19731
Maryland,MD,june,2020-07-01,19109
Maryland,MD,july,2020-08-01,17635
Maryland,MD,aug,2020-08-31,17455
Maryland,MD,sept,2020-09-30,18003
Maryland,MD,oct,2020-10-31,18280
Maryland,MD,nov,2020-11-30,18426
Maryland,MD,jan_2021,2020-11-30,18426
Maryland,MD,dec,2020-11-30,18426
Massachusetts,MA,march,2020-03-16,7969
Massachusetts,MA,april,2020-04-13,7626
Massachusetts,MA,june,2020-06-15,7125
Massachusetts,MA,july,2020-07-31,7033
Massachusetts,MA,aug,2020-08-31,6973
Massachusetts,MA,sept,2020-09-28,6891
Massachusetts,MA,oct,2020-11-02,6729
Massachusetts,MA,nov,2020-11-30,6690
Massachusetts,MA,dec,2021-01-04,6570
Massachusetts,MA,jan_2021,2021-02-01,6524
Michigan,MI,march,2020-03-22,38176
Michigan,MI,april,2020-04-11,37687
Michigan,MI,june,2020-06-16,35798
Michigan,MI,july,2020-07-31,34973
Michigan,MI,aug,2020-08-31,34561
Michigan,MI,sept,2020-09-30,34330
Michigan,MI,oct,2020-10-31,34134
Michigan,MI,nov,2020-11-30,33917
Michigan,MI,dec,2020-12-31,33617
Michigan,MI,jan_2021,2021-01-31,33370
Minnesota,MN,march,2020-03-24,8904
Minnesota,MN,april,2020-04-20,8718
Minnesota,MN,june,2020-06-29,8402
Minnesota,MN,july,2020-08-03,7736
Minnesota,MN,aug,2020-08-31,7576
Minnesota,MN,sept,2020-10-05,7674
Minnesota,MN,oct,2020-10-31,7575
Minnesota,MN,nov,2020-12-01,7549
Minnesota,MN,dec,2021-01-05,7427
Minnesota,MN,jan_2021,2021-02-03,7315
Mississippi,MS,march,2020-03-15,17667
Mississippi,MS,april,2020-04-15,16147
Mississippi,MS,june,2020-06-16,15857
Mississippi,MS,july,2020-07-31,15662
Mississippi,MS,aug,2020-08-31,15603
Mississippi,MS,sept,2020-09-30,15579
Mississippi,MS,oct,2020-10-31,15367
Mississippi,MS,nov,2020-11-30,15459
Mississippi,MS,dec,2020-12-31,15444
Mississippi,MS,jan_2021,2021-01-31,15294
Missouri,MO,march,2020-03-31,25740
Missouri,MO,april,2020-04-30,25133
Missouri,MO,june,2020-06-18,24000
Missouri,MO,july,2020-07-31,23877
Missouri,MO,aug,2020-08-31,23777
Missouri,MO,sept,2020-09-30,23602
Missouri,MO,oct,2020-10-30,23554
Missouri,MO,nov,2020-11-30,23397
Missouri,MO,dec,2020-12-31,23106
Missouri,MO,jan_2021,2021-01-31,23037
Montana,MT,march,2020-03-15,4508
Montana,MT,april,2020-04-15,4318
Montana,MT,june,2020-06-16,3962
Montana,MT,july,2020-07-31,3907
Montana,MT,aug,2020-08-31,3886
Montana,MT,sept,2020-09-30,3812
Montana,MT,oct,2020-10-31,3746
Montana,MT,nov,2020-11-30,3709
Montana,MT,dec,2020-12-31,3620
Montana,MT,jan_2021,2021-01-31,3686
Nebraska,NE,march,2020-03-31,5621
Nebraska,NE,april,2020-04-30,5539
Nebraska,NE,june,2020-06-30,5384
Nebraska,NE,july,2020-07-31,5307
Nebraska,NE,aug,2020-08-31,5272
Nebraska,NE,sept,2020-09-30,5297
Nebraska,NE,oct,2020-10-31,5296
Nebraska,NE,nov,2020-11-30,5308
Nebraska,NE,dec,2020-12-31,5275
Nebraska,NE,jan_2021,2021-01-31,5265
Nevada,NV,march,2020-03-08,12384
Nevada,NV,april,2020-04-30,12152
Nevada,NV,june,2020-06-14,11231
Nevada,NV,july,2020-08-02,11696
Nevada,NV,aug,2020-08-31,11529
Nevada,NV,sept,2020-09-27,11354
Nevada,NV,oct,2020-10-31,11273
Nevada,NV,nov,2020-11-29,11222
Nevada,NV,dec,2020-12-27,11134
Nevada,NV,jan_2021,2021-01-31,11007
New Hampshire,NH,march,2020-04-01,2433
New Hampshire,NH,april,2020-05-01,2359
New Hampshire,NH,june,2020-07-01,2256
New Hampshire,NH,july,2020-08-01,2228
New Hampshire,NH,aug,2020-09-01,2209
New Hampshire,NH,sept,2020-10-01,2203
New Hampshire,NH,oct,2020-11-01,2184
New Hampshire,NH,nov,2020-12-01,2155
New Hampshire,NH,dec,2021-01-01,2136
New Hampshire,NH,jan_2021,2021-02-01,2107
New Jersey,NJ,march,2020-03-15,18439
New Jersey,NJ,april,2020-04-15,17958
New Jersey,NJ,june,2020-06-16,16613
New Jersey,NJ,july,2020-08-01,15866
New Jersey,NJ,aug,2020-09-01,15480
New Jersey,NJ,sept,2020-10-01,15380
New Jersey,NJ,oct,2020-10-27,14784
New Jersey,NJ,jan_2021,2020-11-30,12800
New Jersey,NJ,nov,2020-11-30,12800
New Jersey,NJ,dec,2020-11-30,12800
New Mexico,NM,march,2020-03-15,6573
New Mexico,NM,april,2020-04-15,6588
New Mexico,NM,june,2020-06-17,6328
New Mexico,NM,july,2020-07-31,6175
New Mexico,NM,aug,2020-08-31,6159
New Mexico,NM,sept,2020-09-30,6040
New Mexico,NM,oct,2020-11-01,6029
New Mexico,NM,nov,2020-11-30,6012
New Mexico,NM,dec,2020-12-31,5847
New Mexico,NM,jan_2021,2021-01-31,5817
New York,NY,march,2020-04-01,42784
New York,NY,april,2020-05-01,40956
New York,NY,june,2020-06-16,38723
New York,NY,july,2020-08-01,37559
New York,NY,aug,2020-09-01,37053
New York,NY,sept,2020-10-01,36528
New York,NY,oct,2020-11-01,35983
New York,NY,nov,2020-12-01,35353
New York,NY,dec,2021-01-01,34446
New York,NY,jan_2021,2021-02-01,33376
North Carolina,NC,jan_2021,2020-01-31,29023
North Carolina,NC,march,2020-03-15,34256
North Carolina,NC,april,2020-04-30,33790
North Carolina,NC,june,2020-06-30,31485
North Carolina,NC,july,2020-07-31,31471
North Carolina,NC,aug,2020-09-01,31341
North Carolina,NC,sept,2020-09-30,31048
North Carolina,NC,oct,2020-10-31,30657
North Carolina,NC,nov,2020-11-30,30278
North Carolina,NC,dec,2020-12-31,29321
North Dakota,ND,jan_2021,2020-01-31,1254
North Dakota,ND,march,2020-03-15,1519
North Dakota,ND,april,2020-04-15,1321
North Dakota,ND,june,2020-06-16,1247
North Dakota,ND,july,2020-07-31,1237
North Dakota,ND,aug,2020-09-01,1185
North Dakota,ND,sept,2020-09-30,1205
North Dakota,ND,oct,2020-10-31,1191
North Dakota,ND,nov,2020-11-30,1235
North Dakota,ND,dec,2020-12-31,1211
Ohio,OH,march,2020-03-19,48765
Ohio,OH,april,2020-04-20,48927
Ohio,OH,june,2020-06-16,46212
Ohio,OH,july,2020-08-04,44972
Ohio,OH,aug,2020-08-31,45047
Ohio,OH,sept,2020-09-30,44536
Ohio,OH,oct,2020-10-31,44598
Ohio,OH,nov,2020-11-30,44441
Ohio,OH,dec,2020-12-31,44027
Ohio,OH,jan_2021,2021-01-31,43665
Oklahoma,OK,march,2020-03-16,24956
Oklahoma,OK,april,2020-04-13,24395
Oklahoma,OK,june,2020-06-16,22875
Oklahoma,OK,july,2020-07-31,22201
Oklahoma,OK,aug,2020-08-31,21980
Oklahoma,OK,sept,2020-09-28,21769
Oklahoma,OK,oct,2020-11-02,21678
Oklahoma,OK,nov,2020-11-30,21709
Oklahoma,OK,dec,2021-01-04,21718
Oklahoma,OK,jan_2021,2021-02-01,21665
Oregon,OR,jan_2021,2020-02-01,12593
Oregon,OR,march,2020-03-15,14459
Oregon,OR,april,2020-04-15,14407
Oregon,OR,june,2020-06-16,14055
Oregon,OR,july,2020-07-31,13721
Oregon,OR,aug,2020-08-31,13507
Oregon,OR,sept,2020-10-01,13306
Oregon,OR,oct,2020-11-01,13149
Oregon,OR,nov,2020-12-01,12989
Oregon,OR,dec,2020-12-31,12753
Pennsylvania,PA,march,2020-03-31,46559
Pennsylvania,PA,april,2020-04-30,45251
Pennsylvania,PA,june,2020-06-30,43916
Pennsylvania,PA,july,2020-07-30,43204
Pennsylvania,PA,aug,2020-08-31,41964
Pennsylvania,PA,sept,2020-09-30,41438
Pennsylvania,PA,oct,2020-10-30,41140
Pennsylvania,PA,nov,2020-11-30,40786
Pennsylvania,PA,dec,2020-12-31,40403
Pennsylvania,PA,jan_2021,2021-01-31,40088
Rhode Island,RI,march,2020-03-15,2674
Rhode Island,RI,april,2020-04-15,2275
Rhode Island,RI,june,2020-06-16,2180
Rhode Island,RI,july,2020-07-31,2200
Rhode Island,RI,aug,2020-08-31,2211
Rhode Island,RI,sept,2020-09-30,2184
Rhode Island,RI,oct,2020-10-31,2233
Rhode Island,RI,nov,2020-11-30,2179
Rhode Island,RI,dec,2020-12-31,2076
Rhode Island,RI,jan_2021,2021-01-31,2118
South Carolina,SC,march,2020-03-20,18113
South Carolina,SC,april,2020-04-20,17772
South Carolina,SC,june,2020-06-18,17188
South Carolina,SC,july,2020-07-31,16710
South Carolina,SC,aug,2020-08-29,16447
South Carolina,SC,sept,2020-09-30,16540
South Carolina,SC,oct,2020-10-30,16109
South Carolina,SC,nov,2020-11-30,15927
South Carolina,SC,dec,2020-12-31,15674
South Carolina,SC,jan_2021,2021-01-31,15700
South Dakota,SD,march,2020-03-31,3701
South Dakota,SD,april,2020-04-30,3546
South Dakota,SD,june,2020-06-30,3367
South Dakota,SD,july,2020-07-31,3309
South Dakota,SD,aug,2020-08-31,3258
South Dakota,SD,sept,2020-09-30,3235
South Dakota,SD,oct,2020-10-31,3205
South Dakota,SD,nov,2020-11-30,3205
South Dakota,SD,dec,2020-12-31,3159
South Dakota,SD,jan_2021,2021-01-31,3145
Tennessee,TN,march,2020-03-15,21616
Tennessee,TN,april,2020-04-15,21150
Tennessee,TN,june,2020-06-16,20079
Tennessee,TN,july,2020-07-31,19249
Tennessee,TN,aug,2020-08-31,19279
Tennessee,TN,sept,2020-09-30,19143
Tennessee,TN,oct,2020-10-31,19566
Tennessee,TN,nov,2020-11-30,19605
Tennessee,TN,dec,2020-12-31,19453
Tennessee,TN,jan_2021,2021-01-31,19510
Texas,TX,jan_2021,2020-01-31,119541
Texas,TX,march,2020-03-31,140124
Texas,TX,april,2020-04-30,135833
Texas,TX,june,2020-06-26,127200
Texas,TX,july,2020-07-31,124181
Texas,TX,aug,2020-08-31,121128
Texas,TX,sept,2020-09-30,120709
Texas,TX,oct,2020-10-31,122177
Texas,TX,nov,2020-11-30,121876
Texas,TX,dec,2020-12-31,120873
Utah,UT,march,2020-03-15,6900
Utah,UT,april,2020-04-15,6441
Utah,UT,june,2020-06-16,5993
Utah,UT,july,2020-07-31,5915
Utah,UT,aug,2020-08-31,5824
Utah,UT,sept,2020-09-30,5814
Utah,UT,oct,2020-10-31,5898
Utah,UT,nov,2020-11-30,5496
Utah,UT,jan_2021,2020-12-31,5485
Utah,UT,dec,2020-12-31,5485
Vermont,VT,march,2020-03-15,1656
Vermont,VT,april,2020-04-15,1406
Vermont,VT,june,2020-06-16,1395
Vermont,VT,july,2020-07-31,1390
Vermont,VT,aug,2020-08-31,1417
Vermont,VT,sept,2020-09-30,1413
Vermont,VT,oct,2020-10-30,1369
Vermont,VT,nov,2020-11-30,1380
Vermont,VT,dec,2020-12-30,1292
Vermont,VT,jan_2021,2021-01-29,1281
Virginia,VA,march,2020-03-13,29161
Virginia,VA,april,2020-04-14,28559
Virginia,VA,june,2020-06-16,28595
Virginia,VA,july,2020-07-31,26749
Virginia,VA,aug,2020-08-31,26190
Virginia,VA,sept,2020-09-30,25659
Virginia,VA,oct,2020-10-31,25156
Virginia,VA,nov,2020-11-30,24731
Virginia,VA,dec,2020-12-31,24235
Virginia,VA,jan_2021,2021-01-31,23811
Washington,WA,march,2020-03-31,17263
Washington,WA,april,2020-04-30,16906
Washington,WA,june,2020-06-30,15837
Washington,WA,july,2020-07-31,15626
Washington,WA,aug,2020-08-31,15494
Washington,WA,sept,2020-09-30,15339
Washington,WA,oct,2020-10-31,15198
Washington,WA,nov,2020-11-30,15111
Washington,WA,dec,2020-12-31,14882
Washington,WA,jan_2021,2021-01-31,14660
West Virginia,WV,march,2020-03-15,5952
West Virginia,WV,april,2020-04-15,5556
West Virginia,WV,june,2020-06-15,4898
West Virginia,WV,july,2020-07-31,4398
West Virginia,WV,aug,2020-08-31,4331
West Virginia,WV,sept,2020-09-30,4275
West Virginia,WV,oct,2020-10-31,4247
West Virginia,WV,nov,2020-11-30,4189
West Virginia,WV,dec,2020-12-31,3977
West Virginia,WV,jan_2021,2021-01-31,3987
Wisconsin,WI,march,2020-03-13,23591
Wisconsin,WI,april,2020-04-17,22507
Wisconsin,WI,june,2020-06-12,21576
Wisconsin,WI,july,2020-07-31,21252
Wisconsin,WI,aug,2020-09-04,21136
Wisconsin,WI,sept,2020-10-02,21495
Wisconsin,WI,oct,2020-10-30,20796
Wisconsin,WI,nov,2020-11-27,20494
Wisconsin,WI,dec,2021-01-01,20033
Wisconsin,WI,jan_2021,2021-01-29,19783
Wyoming,WY,march,2020-03-15,2156
Wyoming,WY,april,2020-04-15,2098
Wyoming,WY,june,2020-06-16,2001
Wyoming,WY,july,2020-07-31,1986
Wyoming,WY,aug,2020-08-31,1959
Wyoming,WY,sept,2020-09-30,1996
Wyoming,WY,oct,2020-10-31,2232
Wyoming,WY,nov,2020-11-30,2157
Wyoming,WY,dec,2020-12-31,2134
Wyoming,WY,jan_2021,2021-01-31,2133
