name,abbreviation,month,as_of_date,pop
Alabama,AL,march,2020-03-31,3686
Alabama,AL,july,2020-06-30,3792
Alaska,AK,march,2020-03-31,1456
Alaska,AK,july,2020-07-31,1481
Arizona,AZ,july,2020-08-01,9095
Arizona,AZ,march,2021-03-31,8735
Arkansas,AR,march,2020-03-31,5460
Arkansas,AR,july,2020-07-31,5024
California,CA,march,2020-03-01,63471
California,CA,july,2020-07-31,62606
Colorado,CO,march,2020-03-31,6335
Colorado,CO,july,2020-07-31,6281
Connecticut,CT,march,2020-03-01,6219
Connecticut,CT,july,2020-08-01,6155
Delaware,DE,march,,
Delaware,DE,july,,
Federal,US,march,2020-03-14,36486
Federal,US,july,2020-08-01,37127
Florida,FL,march,2020-03-31,27133
Florida,FL,july,2020-07-31,27219
Georgia,GA,july,,
Georgia,GA,march,,
Hawaii,HI,march,2020-03-31,2100
Hawaii,HI,july,2020-08-05,2100
Idaho,ID,march,2020-03-16,1977
Idaho,ID,july,2020-07-31,1982
Illinois,IL,march,2020-03-31,12785
Illinois,IL,july,2020-07-31,12503
Indiana,IN,march,2020-03-31,5582
Indiana,IN,july,2020-06-30,5357
Iowa,IA,march,2020-03-15,2482
Iowa,IA,july,2020-07-31,2396
Kansas,KS,march,2020-03-01,3276
Kansas,KS,july,2020-07-31,3153
Kentucky,KY,march,2020-03-31,2656
Kentucky,KY,july,2020-07-31,2614
Louisiana,LA,july,,
Louisiana,LA,march,,
Maine,ME,march,2020-02-29,1130
Maine,ME,july,2020-07-31,1124
Maryland,MD,march,2020-03-31,6038
Maryland,MD,july,2020-07-31,6211
Massachusetts,MA,march,2020-04-01,4679
Massachusetts,MA,july,2020-08-01,4764
Michigan,MI,march,2020-04-16,11963
Michigan,MI,july,2020-07-31,11862
Minnesota,MN,march,2020-04-22,4421
Minnesota,MN,july,2020-07-24,4340
Mississippi,MS,march,2019-09-30,1734
Mississippi,MS,july,2020-06-30,1699
Missouri,MO,march,2020-03-15,9653
Missouri,MO,july,2020-07-31,9488
Montana,MT,march,2020-03-23,1286
Montana,MT,july,2020-07-20,1308
Nebraska,NE,march,2020-03-31,2199
Nebraska,NE,july,2020-07-31,2132
Nevada,NV,march,2020-03-31,2638
Nevada,NV,july,2020-07-31,2648
New Hampshire,NH,march,2020-03-31,823
New Hampshire,NH,july,2020-06-30,830
New Jersey,NJ,march,2020-03-13,8027
New Jersey,NJ,july,,
New Mexico,NM,july,2020-07-31,2378
New Mexico,NM,march,,
New York,NY,march,2020-03-31,28279
New York,NY,july,2020-07-31,28019
North Carolina,NC,march,2020-03-31,14037
North Carolina,NC,july,2020-07-31,14053
North Dakota,ND,july,2019-07-31,916
North Dakota,ND,march,2020-03-31,910
Ohio,OH,march,2020-03-19,12192
Ohio,OH,july,2020-08-01,12204
Oklahoma,OK,march,2020-03-16,4317
Oklahoma,OK,july,2020-07-31,4187
Oregon,OR,march,2020-03-31,4644
Oregon,OR,july,2020-07-31,4611
Pennsylvania,PA,march,2020-03-31,15154
Pennsylvania,PA,july,2020-06-30,15017
Rhode Island,RI,march,2020-03-15,1340
Rhode Island,RI,july,2020-07-31,1383
South Carolina,SC,march,2020-03-15,4784
South Carolina,SC,july,2020-08-03,4755
South Dakota,SD,march,2020-03-31,702
South Dakota,SD,july,2020-08-01,695
Tennessee,TN,march,2020-03-15,5176
Tennessee,TN,july,2020-07-31,5543
Texas,TX,march,2020-03-15,36048
Texas,TX,july,2020-07-31,35528
Utah,UT,march,2020-03-31,2307
Utah,UT,july,2020-07-31,2342
Vermont,VT,march,2020-03-15,1003
Vermont,VT,july,2020-07-30,988
Virginia,VA,march,2020-03-31,11962
Virginia,VA,july,2021-07-31,11697
Washington,WA,march,2020-03-31,8806
Washington,WA,july,2020-07-31,8934
West Virginia,WV,march,2020-03-31,1849
West Virginia,WV,july,2021-07-31,1850
Wisconsin,WI,march,2020-03-28,9400
Wisconsin,WI,july,2021-08-01,9434
Wyoming,WY,march,2020-03-31,1018
Wyoming,WY,july,2021-07-31,1000
